datetimes,load_profile,HEATPUMP_P_TOT,APPARENT_TEMPERATURE:TOTAL,SOLAR_IRRADIANCE:GLOBAL,y
2018-08-18 00:00:00,3291.336993111505,256.3337777667575,14.033333301544118,0.0,3057.93100268046
2018-08-18 06:00:00,7710.641213819707,518.8485551198322,15.9708334207535,398.9583333333333,3016.7912230597585
2018-08-18 12:00:00,4847.796223831179,440.14733387629195,25.116666793823168,762.7083333333334,6367.0545440673795
2018-08-18 18:00:00,3057.93100268046,253.5800003475615,21.6875,118.125,5865.893323559239
2018-08-19 00:00:00,3016.7912230597585,257.5527774810789,13.32083332538604,0.0,4473.083993487883
2018-08-19 06:00:00,6367.0545440673795,513.8078895462888,15.887499849001586,397.5,3225.7225548214387
2018-08-19 12:00:00,5865.893323559239,425.69111068513644,28.337499856948796,768.5416666666666,13637.06647423639
2018-08-19 18:00:00,4473.083993487883,256.5204441600374,24.620833237965964,117.08333333333333,9310.128213331429
2018-08-20 00:00:00,3225.7225548214387,255.47655520968937,17.379166920979664,0.0,5483.746230231391
2018-08-20 06:00:00,13637.06647423639,255.21544436348805,20.016666730244832,91.875,3117.933334562515
2018-08-20 12:00:00,9310.128213331429,257.3640001932781,22.23333342870075,176.45833333333334,3381.762607150606
2018-08-20 18:00:00,5483.746230231391,252.69766643312227,21.24166671435029,32.291666666666664,9444.657350879248
2018-08-21 00:00:00,3117.933334562515,254.63466595543696,17.84999998410533,0.0,4786.923445214167
2018-08-21 06:00:00,3381.762607150606,542.0007218413883,19.516666650772,328.125,3014.1708908081046
2018-08-21 12:00:00,9444.657350879248,514.9774433347912,24.59166661898296,476.6666666666667,8364.476114569768
2018-08-21 18:00:00,4786.923445214167,265.7673333697849,21.354166587193834,45.833333333333336,7062.559329986579
2018-08-22 00:00:00,3014.1708908081046,253.5758894072642,14.179166674613997,0.0,4071.0722233242495
2018-08-22 06:00:00,8364.476114569768,517.7757788658142,17.579166769981377,330.8333333333333,3212.987336179944
2018-08-22 12:00:00,7062.559329986579,505.56022225485947,29.733333587646495,670.8333333333334,9191.161315112638
2018-08-22 18:00:00,4071.0722233242495,253.9274444050258,26.254166682561163,84.16666666666667,20751.171770180576
2018-08-23 00:00:00,3212.987336179944,250.38833266364156,16.737500111262,0.0,6474.296660656399
2018-08-23 06:00:00,9191.161315112638,462.15622321234787,18.574999888738127,378.9583333333333,3239.532109451294
2018-08-23 12:00:00,20751.171770180576,672.7565564791362,29.620833396911536,680.8333333333334,20993.702015601273
2018-08-23 18:00:00,6474.296660656399,255.20633287429777,26.01666665077221,109.79166666666667,13116.5407936944
2018-08-24 00:00:00,3239.532109451294,250.727666865455,19.991666714350377,0.0,4000.013893932766
2018-08-24 06:00:00,20993.702015601273,252.36233372158503,17.74999984105425,95.41666666666667,3192.6667756398533
2018-08-24 12:00:00,13116.5407936944,561.0225557539198,19.349999904632583,407.5,5860.746672736273
2018-08-24 18:00:00,4000.013893932766,252.57011097802047,18.17916679382321,43.333333333333336,13593.012115054677
2018-08-25 00:00:00,3192.6667756398533,253.2694449106856,13.033333301544166,0.0,4260.798996946549
2018-08-25 06:00:00,5860.746672736273,303.69555465910116,13.224999864896041,126.875,3075.540329784816
2018-08-25 12:00:00,13593.012115054677,414.3498892784123,15.554166674613958,323.5416666666667,4628.389672215777
2018-08-25 18:00:00,4260.798996946549,253.0013335969715,12.595833301544168,51.666666666666664,2787.3258889516196
2018-08-26 00:00:00,3075.540329784816,257.33533273273,9.295833349227896,0.0,4815.461109924312
2018-08-26 06:00:00,4628.389672215777,499.55033315022774,9.83333341280622,359.375,2819.7412212371833
2018-08-26 12:00:00,2787.3258889516196,750.969777403937,17.97916674613954,616.4583333333334,18118.56222466364
2018-08-26 18:00:00,4815.461109924312,253.04677795834021,16.883333563804587,68.54166666666667,18623.792959764265
2018-08-27 00:00:00,2819.7412212371833,255.3134441481694,15.362499872843335,0.0,7162.29088821411
2018-08-27 06:00:00,18118.56222466364,252.45922203063952,15.387500166893126,78.75,2999.6534434000655
2018-08-27 12:00:00,18623.792959764265,389.15933344099255,18.699999888737995,273.75,4063.2849957784006
2018-08-27 18:00:00,7162.29088821411,253.27833289040433,19.62499992052725,47.083333333333336,7010.9699893103725
2018-08-28 00:00:00,2999.6534434000655,255.0432221412658,15.391666611035626,0.0,10138.395769246417
2018-08-28 06:00:00,4063.2849957784006,404.88911114798674,16.78750006357829,186.04166666666666,3266.375446150038
2018-08-28 12:00:00,7010.9699893103725,389.18533299764005,21.070833365122542,369.375,3502.1971091800274
2018-08-28 18:00:00,10138.395769246417,250.02077752219287,18.666666626930247,87.29166666666667,9556.573770777382
2018-08-29 00:00:00,3266.375446150038,250.22399947908153,12.654166618982918,0.0,3161.327448696561
2018-08-29 06:00:00,3502.1971091800274,635.5302223417494,13.920833269754977,360.8333333333333,2352.9093318939204
2018-08-29 12:00:00,9556.573770777382,758.837889215681,27.94583328564958,685.4166666666666,12533.646116892498
2018-08-29 18:00:00,3161.327448696561,254.17566601435297,24.741667111714502,55.833333333333336,7396.905119535663
2018-08-30 00:00:00,2352.9093318939204,254.13377756542616,17.77500005563096,0.0,10464.919538497928
2018-08-30 06:00:00,12533.646116892498,261.06666680441975,15.620833277702333,78.75,2268.100556691488
2018-08-30 12:00:00,7396.905119535663,412.03533422682034,19.041666666666625,308.9583333333333,3391.916779624092
2018-08-30 18:00:00,10464.919538497928,252.81888884438413,15.220833341280626,21.875,4451.810106489396
2018-08-31 00:00:00,2268.100556691488,253.50088935428232,10.900000055631025,0.0,7022.070555835306
2018-08-31 06:00:00,3391.916779624092,368.70555617014605,11.058333436648125,154.16666666666666,2079.054443274604
2018-08-31 12:00:00,4451.810106489396,725.2211109267346,17.629166603088333,549.5833333333334,5938.428123431734
2018-08-31 18:00:00,7022.070555835306,251.3961109691195,14.66250010331479,66.25,5386.452884716457
2018-09-01 00:00:00,2079.054443274604,257.24166713290776,8.237500071525574,0.0,5056.23189370897
2018-09-01 06:00:00,5938.428123431734,476.19122241338084,9.958333373069822,346.4583333333333,5223.495132912524
2018-09-01 12:00:00,5386.452884716457,617.0166665183177,19.445833285649666,591.875,4930.472323481239
2018-09-01 18:00:00,5056.23189370897,257.4508886337278,17.362500031789164,85.0,7891.793236456978
2018-09-02 00:00:00,5223.495132912524,259.80588986078976,11.008333365122501,0.0,3767.146110153199
2018-09-02 06:00:00,4930.472323481239,588.1081118265794,13.249999841054368,347.2916666666667,2176.412111536662
2018-09-02 12:00:00,7891.793236456978,582.1642233424718,21.133333126703956,362.5,2856.512777413264
2018-09-02 18:00:00,3767.146110153199,252.66888851589596,19.070833285649666,16.875,7984.129775195645
2018-09-03 00:00:00,2176.412111536662,253.88333415985167,16.566666563351916,0.0,6107.966781955291
2018-09-03 06:00:00,2856.512777413264,313.5596661461724,17.57083348433175,140.0,2183.086113908556
2018-09-03 12:00:00,7984.129775195645,391.016222413381,23.070833365122414,328.5416666666667,9056.109113693234
2018-09-03 18:00:00,6107.966781955291,251.88988902833734,21.90416661898296,35.0,14260.318421639342
2018-09-04 00:00:00,2183.086113908556,252.21022329330523,17.991666714350377,0.0,7036.296670320299
2018-09-04 06:00:00,9056.109113693234,491.3074441274007,17.9666668574015,269.7916666666667,2373.204222318861
2018-09-04 12:00:00,14260.318421639342,785.9369997978214,27.283333460489995,683.3333333333334,4985.913764021133
2018-09-04 18:00:00,7036.296670320299,266.1790004200408,21.670833269755082,53.958333333333336,6059.9121152242005
2018-09-05 00:00:00,2373.204222318861,253.99700011147402,13.92916667461396,0.0,4581.770777977835
2018-09-05 06:00:00,4985.913764021133,530.9197771284313,15.1083333094915,335.0,3686.3205562167695
2018-09-05 12:00:00,6059.9121152242005,493.5384448157417,25.095833222071334,688.3333333333334,3618.5614306555867
2018-09-05 18:00:00,4581.770777977835,254.2578883171077,21.166666587193834,75.0,10391.073102951039
2018-09-06 00:00:00,3686.3205562167695,251.62499954435526,14.258333365122503,0.0,8511.608329645791
2018-09-06 06:00:00,3618.5614306555867,474.95433396233466,15.670833309491416,331.875,2919.8888916015653
2018-09-06 12:00:00,10391.073102951039,426.72144494586524,24.03333346049,375.2083333333333,7728.809673606026
2018-09-06 18:00:00,8511.608329645791,253.31533319685184,18.320833206176875,17.291666666666668,21937.950028864532
2018-09-07 00:00:00,2919.8888916015653,252.4204450395377,16.2708335320155,0.0,5942.204325315692
2018-09-07 06:00:00,7728.809673606026,287.3093337482876,16.441666563352,160.20833333333334,2700.8124453226724
2018-09-07 12:00:00,21937.950028864532,459.5428896798031,19.12916668256125,295.4166666666667,4947.1558873494505
2018-09-07 18:00:00,5942.204325315692,252.73999966515402,15.28750010331462,32.708333333333336,19444.391924370666
2018-09-08 00:00:00,2700.8124453226724,252.71366737153852,7.8708333174387475,0.0,6707.101886918809
2018-09-08 06:00:00,4947.1558873494505,511.05999957190613,11.924999952316226,319.375,2676.350670411852
2018-09-08 12:00:00,19444.391924370666,532.4473324457801,19.46249985694883,467.9166666666667,3751.5354499393034
2018-09-08 18:00:00,6707.101886918809,253.1038889778985,17.07499988873817,22.5,14438.265993499743
2018-09-09 00:00:00,2676.350670411852,253.7051121817703,13.308333357175208,0.0,12507.420888434506
2018-09-09 06:00:00,3751.5354499393034,421.7413341946078,14.71249997615825,176.875,2862.001222398547
2018-09-09 12:00:00,14438.265993499743,510.40544418758805,22.51666673024488,457.9166666666667,3834.6812216016942
2018-09-09 18:00:00,12507.420888434506,251.1404449674822,18.966666658719415,58.541666666666664,3463.6320016225195
2018-09-10 00:00:00,2862.001222398547,252.67400005128653,11.554166754086877,0.0,4785.7336128658735
2018-09-10 06:00:00,3834.6812216016942,262.1374443795945,14.52916673819221,109.79166666666667,2885.8207795037165
2018-09-10 12:00:00,3463.6320016225195,422.73088870578346,22.016666412353455,272.7083333333333,5010.087007480201
2018-09-10 18:00:00,4785.7336128658735,253.10833328035145,18.904166539510253,15.625,8387.617083019684
2018-09-11 00:00:00,2885.8207795037165,248.9938889397515,15.733333468437126,0.0,9046.369436687899
2018-09-11 06:00:00,5010.087007480201,459.8603329976402,17.04999991257979,264.5833333333333,3658.6612208896204
2018-09-11 12:00:00,8387.617083019684,756.2525565041434,24.254166682561124,648.3333333333334,15585.32990256416
2018-09-11 18:00:00,9046.369436687899,253.39833356009612,23.445833365122457,53.958333333333336,11191.009672419232
2018-09-12 00:00:00,3658.6612208896204,254.16800016827065,17.14583341280621,0.0,9982.957924906406
2018-09-12 06:00:00,15585.32990256416,455.61155488755935,18.812499682108626,275.4166666666667,3305.742335595024
2018-09-12 12:00:00,11191.009672419232,519.7066669146219,23.124999920527205,412.5,6872.372121047964
2018-09-12 18:00:00,9982.957924906406,253.9493331379359,15.287499944369001,13.333333333333334,6076.748448986476
2018-09-13 00:00:00,3305.742335595024,253.68200021319933,13.799999952316249,0.0,19283.472542063406
2018-09-13 06:00:00,6872.372121047964,249.89677797953303,12.487500031789168,62.291666666666664,3131.602001571657
2018-09-13 12:00:00,6076.748448986476,254.07766640981015,13.499999960263542,136.66666666666666,11248.633442391292
2018-09-13 18:00:00,19283.472542063406,247.75922224256732,13.158333301544166,11.666666666666666,3684.1907748752174
2018-09-14 00:00:00,3131.602001571657,251.02255553139577,10.450000127156668,0.0,10402.869328308097
2018-09-14 06:00:00,11248.633442391292,345.37611101998243,10.758333404858957,201.66666666666666,2736.7380000644234
2018-09-14 12:00:00,3684.1907748752174,802.2875543594357,16.933333357175126,531.6666666666666,6188.5814314524405
2018-09-14 18:00:00,10402.869328308097,250.41588923136422,14.679166674614086,49.375,2609.1006663428407
2018-09-15 00:00:00,2736.7380000644234,255.76733243730263,10.654166658719372,0.0,2783.0045532650424
2018-09-15 06:00:00,6188.5814314524405,454.78799972534165,12.041666706403126,252.91666666666666,2649.546557235718
2018-09-15 12:00:00,2609.1006663428407,389.4094442473518,18.4000000158945,299.375,8139.7636705186505
2018-09-15 18:00:00,2783.0045532650424,254.47044447792908,15.899999896685292,14.791666666666666,13908.269100401138
2018-09-16 00:00:00,2649.546557235718,258.1606669849822,9.691666642824822,0.0,8969.23320888942
2018-09-16 06:00:00,8139.7636705186505,529.2492215792338,10.920833428700762,288.75,3067.095337168372
2018-09-16 12:00:00,13908.269100401138,665.7324448161654,21.383333285649538,541.875,3109.074333784316
2018-09-16 18:00:00,8969.23320888942,253.12855542500802,17.25833324591316,21.25,14347.749549653805
2018-09-17 00:00:00,3067.095337168372,254.9197772767805,10.441666603088311,0.0,9522.25500416225
2018-09-17 06:00:00,3109.074333784316,450.38822251425864,11.491666734218567,226.04166666666666,2875.8132242414686
2018-09-17 12:00:00,14347.749549653805,654.286110803816,24.133333285649584,514.7916666666666,4178.971552446153
2018-09-17 18:00:00,9522.25500416225,262.3724446084766,19.387499968210793,26.25,5472.59845403036
2018-09-18 00:00:00,2875.8132242414686,264.14900070826263,11.21666681766523,0.0,5409.274439832901
2018-09-18 06:00:00,4178.971552446153,529.9406672371761,13.762500007947258,288.125,3029.5386628468823
2018-09-18 12:00:00,5472.59845403036,447.5818883895872,31.366666555404624,616.4583333333334,15221.914783435393
2018-09-18 18:00:00,5409.274439832901,266.43099966049175,25.837499698003086,45.208333333333336,8297.578887515596
2018-09-19 00:00:00,3029.5386628468823,254.41922237608182,16.533333261807833,0.0,4862.3454400804285
2018-09-19 06:00:00,15221.914783435393,469.6776662402683,16.216666618982913,265.8333333333333,2729.663778093128
2018-09-19 12:00:00,8297.578887515596,592.3908899307245,27.05416703224175,553.3333333333334,4226.437887954711
2018-09-19 18:00:00,4862.3454400804285,253.2213333129883,23.058333396911582,40.0,4316.276118214927
2018-09-20 00:00:00,2729.663778093128,253.6489996274309,17.487499992052708,0.0,4662.979998864067
2018-09-20 06:00:00,4226.437887954711,471.8335554440814,16.15416681766517,258.75,3089.3053318871366
2018-09-20 12:00:00,4316.276118214927,617.333888032701,25.437499920527127,492.2916666666667,22026.631982718587
2018-09-20 18:00:00,4662.979998864067,254.68255526224752,21.229166746139455,28.958333333333332,13801.349112404714
2018-09-21 00:00:00,3089.3053318871366,256.3272218068438,18.170833428700664,0.0,5414.700667995874
2018-09-21 06:00:00,22026.631982718587,280.8845557848614,20.491666475931915,91.875,2600.175888612536
2018-09-21 12:00:00,13801.349112404714,267.7890000873143,17.095833341280585,139.375,6305.1864282396145
2018-09-21 18:00:00,5414.700667995874,251.57600005467734,13.520833055178123,9.166666666666666,5510.268833457099
2018-09-22 00:00:00,2600.175888612536,254.942110994127,11.308333317438747,0.0,10729.900218878855
2018-09-22 06:00:00,6305.1864282396145,333.58066636191467,12.254166682561248,103.75,3572.210890070597
2018-09-22 12:00:00,5510.268833457099,6546.184947368838,15.770833094914833,180.0,7282.390441046822
2018-09-22 18:00:00,10729.900218878855,16627.993222787645,11.608333428700824,7.916666666666667,12240.085324944388
2018-09-23 00:00:00,3572.210890070597,19606.295762358768,9.400000015894616,0.0,8507.933987002902
2018-09-23 06:00:00,7282.390441046822,13321.272340191745,10.500000000000014,54.375,3744.2431136237246
2018-09-23 12:00:00,12240.085324944388,273.63966679043244,10.908333420753543,117.70833333333333,14062.219768948034
2018-09-23 18:00:00,8507.933987002902,7531.1070127487155,5.962500075499228,7.708333333333333,7755.540548875598
2018-09-24 00:00:00,3744.2431136237246,2038.356330829194,5.8500000238418535,0.0,10483.910668436685
2018-09-24 06:00:00,14062.219768948034,4711.172453731962,6.699999988079057,258.9583333333333,3579.561444854737
2018-09-24 12:00:00,7755.540548875598,4078.4873476028533,11.754166762034167,298.9583333333333,4339.5191050211615
2018-09-24 18:00:00,10483.910668436685,11719.294986618888,6.28333330154419,20.208333333333332,3912.948442755805
2018-09-25 00:00:00,3579.561444854737,1589.91066702737,2.691666632890716,0.0,6630.867997741694
2018-09-25 06:00:00,4339.5191050211615,2116.0516700956596,3.633333360155433,247.5,3910.649334886341
2018-09-25 12:00:00,3912.948442755805,562.1428895844354,13.00833332538604,400.4166666666667,17022.358378092453
2018-09-25 18:00:00,6630.867997741694,272.2421113544042,8.608333408832559,23.958333333333332,20213.46047295464
2018-09-26 00:00:00,3910.649334886341,3203.18277266821,2.8041666746139504,0.0,12957.08401692708
2018-09-26 06:00:00,17022.358378092453,3746.4132216029666,5.5083332757155,116.45833333333333,3553.9809993320027
2018-09-26 12:00:00,20213.46047295464,597.6122220145329,15.891666650772043,422.2916666666667,5372.634776390922
2018-09-26 18:00:00,12957.08401692708,276.4387774997285,14.758333285649543,24.583333333333332,7562.94890229967
2018-09-27 00:00:00,3553.9809993320027,277.88066698710145,12.783333301544166,0.0,5195.6362244500015
2018-09-27 06:00:00,5372.634776390922,362.74011166890466,14.233333190282039,95.41666666666667,3620.238892534041
2018-09-27 12:00:00,7562.94890229967,734.8509991963707,21.524999856948963,557.2916666666666,9214.696465131978
2018-09-27 18:00:00,5195.6362244500015,266.5788891474408,15.283333341280676,29.583333333333332,6085.728671518961
2018-09-28 00:00:00,3620.238892534041,276.55844477547566,5.583333333333337,0.0,20616.511808437775
2018-09-28 06:00:00,9214.696465131978,4048.210452779131,8.187499999999996,55.833333333333336,4047.700334676106
2018-09-28 12:00:00,6085.728671518961,7010.678003978724,13.95000000794729,233.75,5501.359329647491
2018-09-28 18:00:00,20616.511808437775,12881.154232671517,9.779166758060486,16.458333333333332,18807.924480692545
2018-09-29 00:00:00,4047.700334676106,5232.768778403603,2.9250000019868208,0.0,14578.766128200965
2018-09-29 06:00:00,5501.359329647491,3161.1175656530636,3.8500000039736375,246.66666666666666,3685.7727734883642
2018-09-29 12:00:00,18807.924480692545,2126.9722238434747,13.63333324591312,546.0416666666666,7708.149088711208
2018-09-29 18:00:00,14578.766128200965,271.1516665564642,8.325000007947281,26.666666666666668,14378.093336741127
2018-09-30 00:00:00,3685.7727734883642,2799.793660301631,0.9708333297943113,0.0,13351.054553392203
2018-09-30 06:00:00,7708.149088711208,3641.7980077107813,3.237499964733905,242.5,3680.544002193875
2018-09-30 12:00:00,14378.093336741127,582.7416666878592,16.116666754086875,540.625,4901.7654428270125
2018-09-30 18:00:00,13351.054553392203,273.5781109703911,10.941666543483686,25.0,8093.238682047526
2018-10-01 00:00:00,3680.544002193875,271.24344444274897,3.404166638851174,0.0,5282.802225367232
2018-10-01 06:00:00,4901.7654428270125,371.87044391632094,6.5749999185402705,112.29166666666667,3772.5062210930746
2018-10-01 12:00:00,8093.238682047526,495.3131119940004,10.96666663885115,228.95833333333334,9795.583989461256
2018-10-01 18:00:00,5282.802225367232,11291.231220923528,5.099999944368988,7.291666666666667,20297.329995727538
2018-10-02 00:00:00,3772.5062210930746,5215.96599676345,2.6041666666666665,0.0,5333.166549173988
2018-10-02 06:00:00,9795.583989461256,1137.0456694391046,3.758333345254254,47.5,4025.735223303902
2018-10-02 12:00:00,20297.329995727538,16640.273671627045,6.241666694482159,105.83333333333333,7475.635682423905
2018-10-02 18:00:00,5333.166549173988,13226.865022987777,11.349999904632499,5.0,6075.255998145209
2018-10-03 00:00:00,4025.735223303902,4135.320885690047,9.866666654745716,0.0,8796.62131729126
2018-10-03 06:00:00,7475.635682423905,4205.636555502154,11.337500015894582,150.83333333333334,3708.435776604544
2018-10-03 12:00:00,6075.255998145209,3228.237316724992,13.754166642824794,240.20833333333334,11766.15378468831
2018-10-03 18:00:00,8796.62131729126,275.536555671692,10.90833330154417,7.5,10563.602994410203
2018-10-04 00:00:00,3708.435776604544,3105.0375483936723,5.020833303531009,0.0,23521.521003214515
2018-10-04 06:00:00,11766.15378468831,5830.590564462871,7.8250000278155385,45.833333333333336,4161.5749979654975
2018-10-04 12:00:00,10563.602994410203,13697.184223863822,12.66874996821083,147.60416666666666,4039.5103426191595
2018-10-04 18:00:00,23521.521003214515,8459.342650455901,11.624999920527097,15.208333333333334,2689.702779134116
2018-10-05 00:00:00,4161.5749979654975,3705.2648685349345,6.4124999841054295,0.0,2609.550446785822
2018-10-05 06:00:00,4039.5103426191595,664.2565564791364,7.016666670640297,225.0,2709.4467787000876
2018-10-05 12:00:00,2689.702779134116,759.2073329289757,18.341666777928584,515.625,2630.988887193468
2018-10-05 18:00:00,2609.550446785822,251.6843332078721,17.933333039283536,166.66666666666666,2650.0632217407237
2018-10-06 00:00:00,2709.4467787000876,254.3235553317598,8.070833285649632,0.0,2657.3416685316297
2018-10-06 06:00:00,2630.988887193468,513.2367787890968,8.591666638851171,220.83333333333334,2757.059330156112
2018-10-06 12:00:00,2650.0632217407237,681.4479995515611,20.904166658719376,447.2916666666667,2586.507666100398
2018-10-06 18:00:00,2657.3416685316297,254.59811109966702,17.541666666666753,9.166666666666666,2711.2276657952166
2018-10-07 00:00:00,2757.059330156112,257.20444428126007,11.95000000794729,0.0,4965.577336078221
2018-10-07 06:00:00,2586.507666100398,401.05444433424213,9.437499999999984,104.79166666666667,3598.4417741139705
2018-10-07 12:00:00,2711.2276657952166,675.3166667196484,13.133333325386046,481.4583333333333,6075.256546952989
2018-10-07 18:00:00,4965.577336078221,3821.03645107482,8.00416672229771,6.875,14988.679109870054
2018-10-08 00:00:00,3598.4417741139705,13205.55808993445,1.3375000053395791,0.0,5518.163115437821
2018-10-08 06:00:00,6075.256546952989,13297.22400708728,1.8708333236475854,180.0,3708.2346703423377
2018-10-08 12:00:00,14988.679109870054,4153.168771966299,14.912500103314654,447.5,9116.786882866754
2018-10-08 18:00:00,5518.163115437821,402.6730034192402,10.162500023841858,6.041666666666667,15643.782302602132
2018-10-09 00:00:00,3708.2346703423377,7347.542114565102,4.195833394924796,0.0,4027.576446787518
2018-10-09 06:00:00,9116.786882866754,3555.4413323084505,4.691666662693016,135.0,3725.0033338758676
2018-10-09 12:00:00,15643.782302602132,623.0942214753893,17.470833460489917,396.0416666666667,7617.308103434245
2018-10-09 18:00:00,4027.576446787518,2347.3494490305593,13.779166777928664,9.583333333333334,27007.77712894018
2018-10-10 00:00:00,3725.0033338758676,5529.291895029273,8.14166669050852,0.0,7076.3974477979855
2018-10-10 06:00:00,7617.308103434245,3463.3935535113014,8.370833416779837,205.20833333333334,2954.083773083157
2018-10-10 12:00:00,27007.77712894018,728.4143339157104,19.30000015099846,478.3333333333333,13177.276325776844
2018-10-10 18:00:00,7076.3974477979855,253.25111099878936,17.562499920527205,12.916666666666666,4487.327778710252
2018-10-11 00:00:00,2954.083773083157,253.91000021828563,13.562499960263581,0.0,7732.566654332481
2018-10-11 06:00:00,13177.276325776844,438.78222290674853,14.070833365122498,202.08333333333334,3144.094557359484
2018-10-11 12:00:00,4487.327778710252,634.3048898908827,21.749999999999957,473.125,10529.657447857326
2018-10-11 18:00:00,7732.566654332481,254.2225556055705,16.545833388964336,11.041666666666666,11818.130456542971
2018-10-12 00:00:00,3144.094557359484,255.81611177656433,14.07499996821083,0.0,4828.871884240046
2018-10-12 06:00:00,10529.657447857326,447.79677813847866,14.754166642824872,198.54166666666666,3049.354438951279
2018-10-12 12:00:00,11818.130456542971,614.1304448339675,23.366666714350377,463.125,8287.207550260744
2018-10-12 18:00:00,4828.871884240046,254.12466655307335,19.137499928474416,11.25,13828.008337063256
2018-10-13 00:00:00,3049.354438951279,256.69399952358634,14.75833332538604,0.0,3668.2837781694193
2018-10-13 06:00:00,8287.207550260744,437.2109995524086,14.545833428700751,192.29166666666666,3203.9044406043163
2018-10-13 12:00:00,13828.008337063256,649.6219999525282,25.079166491826374,457.2916666666667,4359.955000474721
2018-10-13 18:00:00,3668.2837781694193,254.39199982749074,18.80416671435042,9.166666666666666,2981.4163367377405
2018-10-14 00:00:00,3203.9044406043163,256.6511112425063,12.704166650772086,0.0,9448.60855704414
2018-10-14 06:00:00,4359.955000474721,437.60600073072675,12.458333333333245,191.25,3219.1969983842646
2018-10-14 12:00:00,2981.4163367377405,623.4085559103225,22.779166658719475,455.0,16448.67966266209
2018-10-14 18:00:00,9448.60855704414,255.80366692013234,18.295833269755168,9.583333333333334,15287.4433040195
2018-10-15 00:00:00,3219.1969983842646,255.46088875664591,11.579166650772104,0.0,8081.901993476027
2018-10-15 06:00:00,16448.67966266209,396.06911110348165,10.645833392937982,189.16666666666666,3165.501223839654
2018-10-15 12:00:00,15287.4433040195,409.2018882645498,23.233333110809294,444.375,4059.043893814088
2018-10-15 18:00:00,8081.901993476027,253.0038889143202,15.679166833559579,7.708333333333333,6463.450320392181
2018-10-16 00:00:00,3165.501223839654,253.25722270541755,9.791666706403138,0.0,4710.10988286336
2018-10-16 06:00:00,4059.043893814088,284.8268897692365,9.68749992052714,144.79166666666666,2877.2417806413428
2018-10-16 12:00:00,6463.450320392181,263.3007769796578,16.14583325386071,126.66666666666667,6573.906220118203
2018-10-16 18:00:00,4710.10988286336,251.13655538558947,13.28750018278771,2.9166666666666665,5858.8728940328
2018-10-17 00:00:00,2877.2417806413428,251.88866704305042,10.325000127156645,0.0,3349.60555725098
2018-10-17 06:00:00,6573.906220118203,9429.230982653304,11.02916661898294,145.41666666666666,2884.2873309665274
2018-10-17 12:00:00,5858.8728940328,580.9474452124704,19.716666539510083,413.3333333333333,8376.124667697473
2018-10-17 18:00:00,3349.60555725098,251.0351111412049,14.79166658719383,2.7083333333333335,29439.34111353556
2018-10-18 00:00:00,2884.2873309665274,252.67855566872495,9.308333377043416,0.0,5670.432562171084
2018-10-18 06:00:00,8376.124667697473,7810.9499929851945,10.200000047683721,45.625,3671.585333082412
2018-10-18 12:00:00,29439.34111353556,11952.754676532742,15.129166642824787,147.29166666666666,4115.138335545853
2018-10-18 18:00:00,5670.432562171084,12471.187007342452,12.974999944368955,1.25,6307.836113145616
2018-10-19 00:00:00,3671.585333082412,3913.727439488303,9.954166769981413,0.0,3958.405332480537
2018-10-19 06:00:00,4115.138335545853,4998.778217962054,8.12499998013178,103.54166666666667,3750.3046669854048
2018-10-19 12:00:00,6307.836113145616,4094.31132230759,13.395833174387496,355.0,5374.020665656194
2018-10-19 18:00:00,3958.405332480537,3692.3885675960114,10.808333317438754,1.6666666666666667,11343.677900144789
2018-10-20 00:00:00,3750.3046669854048,3803.115230358973,6.241666674613938,0.0,6136.794000583224
2018-10-20 06:00:00,5374.020665656194,3170.786335012648,5.041666616996142,143.125,3653.036221228705
2018-10-20 12:00:00,11343.677900144789,7503.032780149242,12.799999912579805,392.2916666666667,15555.085900285516
2018-10-20 18:00:00,6136.794000583224,11831.669767051279,8.099999964237183,2.5,3584.335113016764
2018-10-21 00:00:00,3653.036221228705,280.45177741580517,6.6374999880790595,0.0,6762.001445346408
2018-10-21 06:00:00,15555.085900285516,6922.251663366952,5.59166663885117,133.33333333333334,3607.766555192733
2018-10-21 12:00:00,3584.335113016764,3996.4077848328448,13.295833349227893,395.0,18725.207987721755
2018-10-21 18:00:00,6762.001445346408,10909.429106224909,8.03333331147829,4.375,15351.185958947077
2018-10-22 00:00:00,3607.766555192733,1951.4982249047973,3.266666640838004,0.0,4799.723111724852
2018-10-22 06:00:00,18725.207987721755,4481.284772449069,5.5833332935968985,33.125,3640.135662078857
2018-10-22 12:00:00,15351.185958947077,8924.372780439597,11.087499896685209,123.75,5311.045995500354
2018-10-22 18:00:00,4799.723111724852,11405.81600879033,5.63750000049671,1.0416666666666667,4509.998557366266
2018-10-23 00:00:00,3640.135662078857,4760.477228238848,-0.5958333400388579,0.0,6366.785102674699
2018-10-23 06:00:00,5311.045995500354,9095.689450995133,4.058333322405802,32.291666666666664,3623.7263341267867
2018-10-23 12:00:00,4509.998557366266,12192.427979426915,9.266666591167402,80.0,7619.635889858668
2018-10-23 18:00:00,6366.785102674699,14594.43972087436,11.483333349227918,0.625,5828.072328864199
2018-10-24 00:00:00,3623.7263341267867,278.252110841539,12.204166650772082,0.0,7192.514893637766
2018-10-24 06:00:00,7619.635889858668,18261.084988996714,12.087500015894584,39.166666666666664,3565.6727772182894
2018-10-24 12:00:00,5828.072328864199,8183.759652688769,12.245833317438752,119.79166666666667,4686.837668016222
2018-10-24 18:00:00,7192.514893637766,14583.141546418918,11.774999976158123,0.8333333333333334,8242.39200782776
2018-10-25 00:00:00,3565.6727772182894,3958.3141170819545,11.641666730245001,0.0,8922.75333980984
2018-10-25 06:00:00,4686.837668016222,4232.949885156417,12.04999995231625,32.291666666666664,3803.133772108289
2018-10-25 12:00:00,8242.39200782776,11730.650789218478,11.995833277702289,82.91666666666667,19975.33857616848
2018-10-25 18:00:00,8922.75333980984,12275.676665729952,10.691666523615444,0.8333333333333334,21010.581742986047
2018-10-26 00:00:00,3803.133772108289,274.2253338495894,9.233333508173628,0.0,6376.943662134807
2018-10-26 06:00:00,19975.33857616848,7895.551086086706,9.016666730244953,33.75,3555.4311118231894
2018-10-26 12:00:00,21010.581742986047,16880.55153361427,11.233333349227918,78.54166666666667,5273.497008132937
2018-10-26 18:00:00,6376.943662134807,12101.2564464675,7.004166662693026,0.4166666666666667,4879.353219011094
2018-10-27 00:00:00,3555.4311118231894,5199.308220248759,4.366666654745742,0.0,10851.905770704487
2018-10-27 06:00:00,5273.497008132937,9463.974801784094,3.6874999900658914,40.625,3524.098779381647
2018-10-27 12:00:00,4879.353219011094,9006.953770796456,6.808333277702322,97.70833333333333,12293.825341712105
2018-10-27 18:00:00,10851.905770704487,11313.475223541263,3.7916666592160833,0.4166666666666667,20166.950548680623
2018-10-28 00:00:00,3524.098779381647,4166.020881546873,0.2875000024214395,0.0,12341.237574937611
2018-10-28 05:00:00,12293.825341712105,10113.101317670613,-0.2583333309739842,37.916666666666664,3383.4161115858283
2018-10-28 11:00:00,20166.950548680623,18134.340369870944,1.7624999980131777,85.625,7540.146211030751
2018-10-28 17:00:00,12341.237574937611,12259.562321429788,1.6541666636864292,0.4166666666666667,13705.730312644107
2018-10-28 23:00:00,3383.4161115858283,5039.923907767405,1.4916666646798413,0.0,7690.660116746694
2018-10-29 05:00:00,7540.146211030751,10345.456664710566,1.308333329856396,28.333333333333332,3919.472776370578
2018-10-29 11:00:00,13705.730312644107,16231.01996701028,1.4291666721304332,70.83333333333333,7961.202003818091
2018-10-29 17:00:00,7690.660116746694,16940.666106679713,1.4166666741172458,0.4166666666666667,4797.81144112481
2018-10-29 23:00:00,3919.472776370578,7587.666129758619,0.9541666756073625,0.0,6538.068999057349
2018-10-30 05:00:00,7961.202003818091,7712.452763260736,3.8416666686534917,32.5,3935.2482218000605
2018-10-30 11:00:00,4797.81144112481,16283.941243648533,5.304166654745734,75.83333333333333,5310.726226298015
2018-10-30 17:00:00,6538.068999057349,16815.515343528317,1.5499999985719821,0.4166666666666667,8546.981894556686
2018-10-30 23:00:00,3935.2482218000605,4513.772218608849,5.51250004768372,0.0,4413.857885487872
2018-10-31 05:00:00,5310.726226298015,7174.437458589351,4.349999974171328,92.29166666666667,3465.057555686104
2018-10-31 11:00:00,8546.981894556686,11669.53322053486,10.200000007947304,257.0833333333333,10255.063875664613
2018-10-31 17:00:00,4413.857885487872,12266.915886868379,9.216666658719388,0.20833333333333334,15416.036449474746
2018-10-31 23:00:00,3465.057555686104,3871.5319887373253,6.116666694482166,0.0,8505.687006886796
2018-11-01 05:00:00,10255.063875664613,7088.460121387906,3.474999987416794,54.24768518518518,3620.447332678902
2018-11-01 11:00:00,15416.036449474746,12172.857122325895,9.50416678852517,72.73148148148148,7536.317670906914
2018-11-01 17:00:00,8505.687006886796,12026.87153079774,6.004166662693021,0.20833333333333334,28859.820020463725
2018-11-01 23:00:00,3620.447332678902,3398.1778745121437,4.85833328962325,0.0,17302.04980926515
2018-11-02 05:00:00,7536.317670906914,8877.292968347332,9.241666595141053,35.208333333333336,3964.1558889600956
2018-11-02 11:00:00,28859.820020463725,16852.326557964734,11.225000023841877,88.75,5564.542550065785
2018-11-02 17:00:00,17302.04980926515,12791.751992066693,7.125000039736424,0.20833333333333334,7832.3058864169625
2018-11-02 23:00:00,3964.1558889600956,4886.493656582302,4.7291666741172405,0.0,4854.300894504119
2018-11-03 05:00:00,5564.542550065785,8473.006466272134,0.670833337741592,123.33333333333333,3485.2837807973256
2018-11-03 11:00:00,7832.3058864169625,7824.249664349027,8.312500168879849,323.75,6337.735105387373
2018-11-03 17:00:00,4854.300894504119,13132.059012783904,1.5708333558092553,0.625,5609.816998714873
2018-11-03 23:00:00,3485.2837807973256,8590.030458386738,-1.7041666408379854,0.0,10126.173899502232
2018-11-04 05:00:00,6337.735105387373,3089.702217038478,2.116666641707222,23.958333333333332,3555.3077773624
2018-11-04 11:00:00,5609.816998714873,13155.308353042601,9.606249809265002,78.22916666666667,17020.759899817596
2018-11-04 17:00:00,10126.173899502232,10698.468873182941,8.55833339691163,0.0,24580.30177196926
2018-11-04 23:00:00,3555.3077773624,3800.2664418644467,8.904166539510102,0.0,5774.9098854912645
2018-11-05 05:00:00,17020.759899817596,5787.535237916307,9.945833444595387,29.166666666666668,3813.2416708204487
2018-11-05 11:00:00,24580.30177196926,12582.095560603673,13.07499996821083,136.66666666666666,7247.2520958794485
2018-11-05 17:00:00,5774.9098854912645,11852.499457115608,8.787499944368994,0.0,6184.605664104887
2018-11-05 23:00:00,3813.2416708204487,6384.31390257941,4.574999998013175,0.0,5769.133337699046
2018-11-06 05:00:00,7247.2520958794485,5095.527781105038,4.724999974171316,53.75,3624.913339996339
2018-11-06 11:00:00,6184.605664104887,9480.55557169385,13.383333404858945,157.29166666666666,4725.401666895554
2018-11-06 17:00:00,5769.133337699046,13749.335450394961,8.09166659911473,0.0,24446.271556939006
2018-11-06 23:00:00,3624.913339996339,5058.078881062402,5.20416665077209,0.0,6581.748887337577
2018-11-07 05:00:00,4725.401666895554,4620.116006310782,5.374999960263558,111.04166666666667,3772.3598869323755
2018-11-07 11:00:00,24446.271556939006,6680.231432671005,14.266666650772082,308.3333333333333,5201.780776850384
2018-11-07 17:00:00,6581.748887337577,12652.121534517082,8.845833261807721,0.0,6855.292882961695
2018-11-07 23:00:00,3772.3598869323755,269.20655533472683,7.883333325386038,0.0,15137.281199222138
2018-11-08 05:00:00,5201.780776850384,8993.788467534387,8.566666722297681,66.875,4238.552784644228
2018-11-08 11:00:00,6855.292882961695,9815.60778604084,12.825000047683753,159.375,4243.727560170493
2018-11-08 17:00:00,15137.281199222138,14653.071351432809,6.245833347241079,0.0,20047.253095923534
2018-11-08 23:00:00,4238.552784644228,5314.512669436142,5.137500057617825,0.0,11444.46577385796
2018-11-09 05:00:00,4243.727560170493,3193.620225175226,8.712499916553469,63.125,3417.625110456679
2018-11-09 11:00:00,20047.253095923534,12248.09519723257,13.03749986489604,128.95833333333334,11434.39377746582
2018-11-09 17:00:00,11444.46577385796,16382.8750037511,10.604166666666666,0.0,18119.078102111795
2018-11-09 23:00:00,3417.625110456679,23951.02674826516,7.099999984105426,0.0,15801.254129197867
2018-11-10 05:00:00,11434.39377746582,452.13244658576076,8.229166686534878,22.708333333333332,3731.1593287997803
2018-11-10 11:00:00,18119.078102111795,12208.142306974205,12.287499944368959,69.79166666666667,4544.18233354356
2018-11-10 17:00:00,15801.254129197867,8254.450767983315,12.537500063578333,0.0,9253.383245764839
2018-11-10 23:00:00,3731.1593287997803,3554.4104598681142,12.629166523615416,0.0,13398.686021508107
2018-11-11 05:00:00,4544.18233354356,277.88466675016616,12.09166665871937,30.833333333333332,3704.798444959853
2018-11-11 11:00:00,9253.383245764839,13609.845226224272,13.791666507720828,133.125,9636.099210018574
2018-11-11 17:00:00,13398.686021508107,11821.650317806676,13.087499856948748,0.0,27183.637473000414
2018-11-11 23:00:00,3704.798444959853,3463.842770904963,10.870833317438747,0.0,7716.796438598629
2018-11-12 05:00:00,9636.099210018574,4852.319897227815,10.925000031789168,25.625,3753.66255493164
2018-11-12 11:00:00,27183.637473000414,12893.98590411081,15.40833322207129,171.25,4638.182445992366
2018-11-12 17:00:00,7716.796438598629,13442.575439548493,14.100000063578335,0.0,6672.94455151028
2018-11-12 23:00:00,3753.66255493164,271.02177815967156,10.754166642824792,0.0,5971.161568196613
2018-11-13 05:00:00,4638.182445992366,7768.317996597287,10.750000039736461,47.916666666666664,3433.5053364223904
2018-11-13 11:00:00,6672.94455151028,8054.600991768309,11.85416678587604,102.08333333333333,17228.382798851842
2018-11-13 17:00:00,5971.161568196613,13275.5021788809,6.82916673024496,0.0,25178.942335213567
2018-11-13 23:00:00,3433.5053364223904,3844.7414301766216,5.9416667024294645,0.0,15362.107940165191
2018-11-14 05:00:00,17228.382798851842,9457.774447017251,6.316666662693026,53.333333333333336,3738.896664767795
2018-11-14 11:00:00,25178.942335213567,12009.566667779287,10.70833337306977,272.0833333333333,8973.2834493849
2018-11-14 17:00:00,15362.107940165191,11917.980973063577,5.500000039736424,0.0,17577.21803211637
2018-11-14 23:00:00,3738.896664767795,5232.169894271431,2.9250000119209254,0.0,5882.702769470217
2018-11-15 05:00:00,8973.2834493849,11198.801661713922,2.6999999980131792,31.041666666666668,3428.9926652696417
2018-11-15 11:00:00,17577.21803211637,15551.382665432824,4.8000000119209325,256.4583333333333,4295.603447850549
2018-11-15 17:00:00,5882.702769470217,16492.59744361242,0.4583333414047929,0.0,26814.491420025308
2018-11-15 23:00:00,3428.9926652696417,5452.705657005311,-0.9874999963988788,0.0,30527.00879584419
2018-11-16 05:00:00,4295.603447850549,10305.145864274768,-1.3833333502213065,93.33333333333333,9798.431103007006
2018-11-16 11:00:00,26814.491420025308,12164.584761450027,6.187500019868221,267.2916666666667,4588.317783270943
2018-11-16 17:00:00,30527.00879584419,9572.112776978815,1.562499993170305,0.0,8100.060535430909
2018-11-16 23:00:00,9798.431103007006,5544.834227519562,-1.6041666859140082,0.0,10150.089788309733
2018-11-17 05:00:00,4588.317783270943,6878.7988724920415,-1.929166663127645,88.95833333333333,3429.580556403267
2018-11-17 11:00:00,8100.060535430909,12182.76235809326,1.9416666757315315,262.9166666666667,5801.332439846458
2018-11-17 17:00:00,10150.089788309733,20146.36265235476,-2.0791666656732515,0.0,14617.69744415283
2018-11-17 23:00:00,3429.580556403267,5589.436669996051,-4.529166653752337,0.0,13939.449106089274
2018-11-18 05:00:00,5801.332439846458,7624.1510228792795,-6.256250013907743,56.458333333333336,3739.2802258809406
2018-11-18 11:00:00,14617.69744415283,27235.11458612019,-0.2958333402251137,168.95833333333334,4761.169316101078
2018-11-18 17:00:00,13939.449106089274,16847.30954683091,-0.4583333364377457,0.0,15821.981528218586
2018-11-18 23:00:00,3739.2802258809406,7686.460880491466,0.7500000136593958,0.0,9314.071009318035
2018-11-19 05:00:00,4761.169316101078,6003.644435193801,0.9870370593335794,36.2037037037037,3813.1890034145754
2018-11-19 11:00:00,15821.981528218586,18273.158122359382,0.15462963055405357,57.33796296296296,4216.667114342585
2018-11-19 17:00:00,9314.071009318035,18412.986876116862,-0.9249999979510934,0.0,5281.648666042754
2018-11-19 23:00:00,3813.1890034145754,9036.234238380855,-2.670833304524429,0.0,5441.576443905298
2018-11-20 05:00:00,4216.667114342585,8092.745329454198,-2.8499999741713293,18.125,3331.438109503851
2018-11-20 11:00:00,5281.648666042754,19805.414227432684,-3.0083333253860496,52.291666666666664,3839.4357228597005
2018-11-20 17:00:00,5441.576443905298,16061.666105853175,-3.166666676600771,0.0,3215.480886925591
2018-11-20 23:00:00,3331.438109503851,3442.446905761301,-2.016666645805029,0.0,9965.712880918712
2018-11-21 05:00:00,3839.4357228597005,18632.03624554739,-1.5708333104848915,19.583333333333332,3263.552223205567
2018-11-21 11:00:00,3215.480886925591,13179.983684666937,-0.6208333276833162,53.541666666666664,8263.619557995264
2018-11-21 17:00:00,9965.712880918712,14593.909137407949,-1.54999999701976,0.0,20203.39754486084
2018-11-21 23:00:00,3263.552223205567,5311.670887682179,-1.7375000019868125,0.0,17512.38887973362
2018-11-22 05:00:00,8263.619557995264,14304.267555258008,-1.2041666656732497,16.041666666666668,4011.070775010851
2018-11-22 11:00:00,20203.39754486084,19390.17408542632,0.7312500054637644,48.4375,16710.652681816937
2018-11-22 17:00:00,17512.38887973362,20378.843859439414,0.47916667101283794,0.0,15693.838002777107
2018-11-22 23:00:00,4011.070775010851,2947.5456795586456,0.7083333277453971,0.0,4948.645333438453
2018-11-23 05:00:00,16710.652681816937,11107.982866933615,-1.383333332060526,17.708333333333332,4074.792778311836
2018-11-23 11:00:00,15693.838002777107,20319.696684106177,1.1458333283662843,171.66666666666666,4147.677777014839
2018-11-23 17:00:00,4948.645333438453,20955.816785717027,-1.4916666398445866,0.0,14984.967339748788
2018-11-23 23:00:00,4074.792778311836,9339.394132921434,-1.2750000208616334,0.0,4030.84288605584
2018-11-24 05:00:00,4147.677777014839,8718.953221670783,-0.8958333265036301,16.041666666666668,3298.375108506943
2018-11-24 11:00:00,14984.967339748788,26052.191539700823,1.1958333415289604,51.25,4516.443551084734
2018-11-24 17:00:00,4030.84288605584,15018.676335440741,1.679166664679842,0.0,21371.459451887356
2018-11-24 23:00:00,3298.375108506943,8527.776571146642,1.1958333303531115,0.0,13643.436889478893
2018-11-25 05:00:00,4516.443551084734,4930.50111120012,3.1333333452542553,14.583333333333334,3631.5593324449346
2018-11-25 11:00:00,21371.459451887356,22932.63509326507,4.04999996225039,53.541666666666664,4821.046669938836
2018-11-25 17:00:00,13643.436889478893,17015.046765655945,1.9041666587193877,0.0,14304.941683493707
2018-11-25 23:00:00,3631.5593324449346,5715.02334256702,1.7125000009934126,0.0,6639.782009633374
2018-11-26 05:00:00,4821.046669938836,6520.822881868147,0.7458333435157968,14.166666666666666,3766.1382175021677
2018-11-26 11:00:00,14304.941683493707,17907.900343428697,0.49583333606520846,53.75,8246.205669657387
2018-11-26 17:00:00,6639.782009633374,31276.15296598011,1.2416666600232313,0.0,5398.912449179754
2018-11-26 23:00:00,3766.1382175021677,2801.8397775967915,0.12083332985639544,0.0,7472.790663062202
2018-11-27 05:00:00,8246.205669657387,11108.121788258028,-0.3625000032285854,19.583333333333332,3887.3741118537073
2018-11-27 11:00:00,5398.912449179754,18163.797415828707,0.07500000142802793,106.66666666666667,4241.178105841742
2018-11-27 17:00:00,7472.790663062202,23256.156578636175,-3.28333331551403,0.0,4886.053217739532
2018-11-27 23:00:00,3887.3741118537073,9994.960001352089,-5.4916666547457424,0.0,7065.964445114137
2018-11-28 05:00:00,4241.178105841742,19432.276111327286,-5.3500000635783005,23.333333333333332,3614.638442060682
2018-11-28 11:00:00,4886.053217739532,19827.60296050178,-1.404166658719381,118.125,18013.466674041752
2018-11-28 17:00:00,7065.964445114137,16906.9364780744,-1.2833333443850277,0.0,21882.32843047249
2018-11-28 23:00:00,3614.638442060682,3770.488785658943,-0.3291666706403094,0.0,11660.398446061881
2018-11-29 05:00:00,18013.466674041752,11740.738444805153,0.3208333337679504,14.375,3497.043893686932
2018-11-29 11:00:00,21882.32843047249,15735.729851849874,2.7916666567325628,54.791666666666664,8605.6470032586
2018-11-29 17:00:00,11660.398446061881,19256.270088259385,3.254166662693025,0.0,15680.374105834973
2018-11-29 23:00:00,3497.043893686932,273.2451109674241,3.662500003973642,0.0,8145.899885728615
2018-11-30 05:00:00,8605.6470032586,8642.96711169349,2.7791666487852793,14.166666666666666,3672.056443489922
2018-11-30 11:00:00,15680.374105834973,15057.565749496887,4.979166686534891,87.08333333333333,19716.935116916222
2018-11-30 17:00:00,8145.899885728615,18853.287225553726,2.8041666398445826,0.0,12382.423336537679
2018-11-30 23:00:00,3672.056443489922,4054.5544521331813,3.5458333293596875,0.0,7151.23155059814
2018-12-01 05:00:00,19716.935116916222,12880.30543816885,3.9750000337759546,22.083333333333332,3664.168222045897
2018-12-01 11:00:00,12382.423336537679,25999.937097178547,6.6791666746139455,124.375,6888.602206336122
2018-12-01 17:00:00,7151.23155059814,34988.064506318835,4.708333313465109,0.0,22553.68668280709
2018-12-01 23:00:00,3664.168222045897,6988.929641808403,5.058333377043405,0.0,10709.541545613609
2018-12-02 05:00:00,6888.602206336122,18758.734644031527,5.445833365122492,12.5,3648.0557794359006
2018-12-02 11:00:00,22553.68668280709,47249.07732950845,7.599999964237195,43.75,4949.157334179353
2018-12-02 17:00:00,10709.541545613609,16943.477101220014,11.71250013510396,0.0,6566.262211905586
2018-12-02 23:00:00,3648.0557794359006,3781.133884302779,11.987499952316254,0.0,12709.831234995521
2018-12-03 05:00:00,4949.157334179353,11930.246762519417,11.579166571299163,17.5,3862.5441073099764
2018-12-03 11:00:00,6566.262211905586,8864.568779214214,12.04583319028208,95.0,3992.4636663224983
2018-12-03 17:00:00,12709.831234995521,11612.714772203235,10.25416674216594,0.0,17339.601023864732
2018-12-03 23:00:00,3862.5441073099764,5233.8560029877635,7.375000009934105,0.0,10671.207538689505
2018-12-04 05:00:00,3992.4636663224983,8607.981455824116,4.091666638851158,21.666666666666668,3545.1423303392203
2018-12-04 11:00:00,17339.601023864732,15475.8967792511,4.6666667461395335,178.95833333333334,6517.31623721653
2018-12-04 17:00:00,10671.207538689505,15083.775774118636,-0.3041666587814674,0.0,7657.859678480363
2018-12-04 23:00:00,3545.1423303392203,3050.875432353551,-2.8666666646798458,0.0,6397.122661802506
2018-12-05 05:00:00,6517.31623721653,7574.509431489318,-3.8187499890724896,55.833333333333336,3494.0138902452272
2018-12-05 11:00:00,7657.859678480363,15161.69874187046,-0.14166666505237685,143.125,5075.378441111246
2018-12-05 17:00:00,6397.122661802506,18973.473986222994,0.5416666738068134,0.0,8671.239671410454
2018-12-05 23:00:00,3494.0138902452272,1802.1713412708705,1.5708333502213234,0.0,28778.50457729762
2018-12-06 05:00:00,5075.378441111246,9901.804214541125,3.129166682561237,11.875,3652.7004458109523
2018-12-06 11:00:00,8671.239671410454,12874.146207396194,5.6375000079472875,41.458333333333336,4609.1423283894865
2018-12-06 17:00:00,28778.50457729762,17328.61508778467,9.78749994436896,0.0,24423.066532092627
2018-12-06 23:00:00,3652.7004458109523,3950.05721782049,11.57500004768375,0.0,33233.955815972215
2018-12-07 05:00:00,4609.1423283894865,4327.673558786177,11.229166626930208,11.666666666666666,4052.1435526529935
2018-12-07 11:00:00,24423.066532092627,13096.458342806513,11.199999769528537,43.958333333333336,4109.474557664664
2018-12-07 17:00:00,33233.955815972215,16685.53686619865,8.412499904632517,0.0,12055.378203540384
2018-12-07 23:00:00,4052.1435526529935,4879.025439410739,2.883333355188363,0.0,9827.24434492323
2018-12-08 05:00:00,4109.474557664664,6785.340346325767,3.037500003973641,12.083333333333334,3737.616551378039
2018-12-08 11:00:00,12055.378203540384,13942.20988894569,3.237499972184508,46.666666666666664,5781.9379990471725
2018-12-08 17:00:00,9827.24434492323,18134.519794644235,4.129166672627123,0.0,4785.9114418453655
2018-12-08 23:00:00,3737.616551378039,1466.9094438023026,3.633333315451934,0.0,10840.25202386644
2018-12-09 05:00:00,5781.9379990471725,6334.78898324967,3.4083333313465167,11.458333333333334,3598.6047795613613
2018-12-09 11:00:00,4785.9114418453655,16993.039859877696,3.749999970197677,64.58333333333333,4693.1926672193695
2018-12-09 17:00:00,10840.25202386644,12231.705915398075,2.9500000178813877,0.0,8952.116446685792
2018-12-09 23:00:00,3598.6047795613613,5844.7088884353625,1.2250000014901181,0.0,8096.752570300635
2018-12-10 05:00:00,4693.1926672193695,13227.665003172558,0.4500000017384688,18.541666666666668,3473.2185552808983
2018-12-10 11:00:00,8952.116446685792,13855.739314121662,0.5000000015522029,68.125,5945.450344170471
2018-12-10 17:00:00,8096.752570300635,19446.59789272944,0.09999999093512668,0.0,6740.165452745227
2018-12-10 23:00:00,3473.2185552808983,2845.778111945257,0.5125000060846404,0.0,12143.44200388591
2018-12-11 05:00:00,5945.450344170471,5898.276768673793,0.24166667213042514,11.5625,3788.348331960043
2018-12-11 11:00:00,6740.165452745227,15246.934011162653,1.9458333353201542,79.79166666666667,6488.416015116371
2018-12-11 17:00:00,12143.44200388591,19587.771561135167,2.570833325386046,0.0,25969.687436040254
2018-12-11 23:00:00,3788.348331960043,2892.7147724787415,1.9791666567325539,0.0,9691.044548882384
2018-12-12 05:00:00,6488.416015116371,7349.02858526441,1.0708333477377867,10.416666666666666,3753.170781622991
2018-12-12 11:00:00,25969.687436040254,22043.519911098465,1.31666668504478,42.291666666666664,4871.032890743677
2018-12-12 17:00:00,9691.044548882384,17974.035064739655,1.0958333431432725,0.0,4194.984111234874
2018-12-12 23:00:00,3753.170781622991,5506.034774419998,-1.5166666721925124,0.0,6949.25377934774
2018-12-13 05:00:00,4871.032890743677,16266.968063619397,-2.06249998509885,10.833333333333334,4153.763779195149
2018-12-13 11:00:00,4194.984111234874,32873.67321648068,-0.691666668591402,40.208333333333336,15165.410303243008
2018-12-13 17:00:00,6949.25377934774,19375.922793059883,-0.8083333307877192,0.0,25782.81977216933
2018-12-13 23:00:00,4153.763779195149,6049.295235898761,-1.8583333417773267,0.0,11931.03145391676
2018-12-14 05:00:00,15165.410303243008,10858.862213357292,-2.383333320418998,11.041666666666666,7269.7070122612795
2018-12-14 11:00:00,25782.81977216933,28122.72958899605,-2.0749999930461245,61.875,4948.857329644094
2018-12-14 17:00:00,11931.03145391676,22785.98080777061,-2.1249999850988375,0.0,9334.53000759549
2018-12-14 23:00:00,7269.7070122612795,10173.1500336859,-1.5291666636864332,0.0,11359.214786444763
2018-12-15 05:00:00,4948.857329644094,11821.132218043,-1.4958333224058205,10.0,4052.1506659613738
2018-12-15 11:00:00,9334.53000759549,20906.056859853517,-2.958333313465125,40.0,6141.7169866773775
2018-12-15 17:00:00,11359.214786444763,17005.794143676758,-4.6333332757155,0.0,15011.909551111848
2018-12-15 23:00:00,4052.1506659613738,8209.543005010812,-4.879166662693024,0.0,8329.121438598631
2018-12-16 05:00:00,6141.7169866773775,9024.480987792535,-5.020833333333341,12.083333333333334,3535.453889762031
2018-12-16 11:00:00,15011.909551111848,23982.256862057584,-4.541666636864341,45.833333333333336,5406.778666051231
2018-12-16 17:00:00,8329.121438598631,19538.896855820534,-3.162500023841851,0.0,4594.874890433415
2018-12-16 23:00:00,3535.453889762031,8182.550749778752,-2.1333333353201542,0.0,5859.464219835069
2018-12-17 05:00:00,5406.778666051231,17732.113644864825,-1.7500000111758682,10.625,3373.713999006482
2018-12-17 11:00:00,4594.874890433415,19886.55198663075,0.8083333261311054,54.583333333333336,7734.899343617755
2018-12-17 17:00:00,5859.464219835069,14105.363675223449,1.4958333298564004,0.0,25570.13452852036
2018-12-17 23:00:00,3373.713999006482,2340.7206712404886,1.8708332975705455,0.0,11516.350207519521
2018-12-18 05:00:00,7734.899343617755,11089.018573972915,1.674999997019775,9.791666666666666,3661.5992219713003
2018-12-18 11:00:00,25570.13452852036,19198.885489612152,2.099999994039529,70.83333333333333,5982.458889558583
2018-12-18 17:00:00,11516.350207519521,18146.901339583907,0.4750000039736437,0.0,14232.608796183273
2018-12-18 23:00:00,3661.5992219713003,1648.711996905009,-1.4124999900038115,0.0,13695.185471428762
2018-12-19 05:00:00,5982.458889558583,15524.395974932782,-0.5541666708886598,9.791666666666666,3790.4521137661413
2018-12-19 11:00:00,14232.608796183273,53776.47867318261,1.7604166685293114,60.3125,5333.190220811637
2018-12-19 17:00:00,13695.185471428762,18935.483561876077,0.7166666652386399,0.0,11302.899430635238
2018-12-19 23:00:00,3790.4521137661413,11480.471890407123,1.9791666666666663,0.0,11477.369326104055
2018-12-20 05:00:00,5333.190220811637,13043.174239752017,2.654166638851166,8.75,3538.31955426534
2018-12-20 11:00:00,11302.899430635238,14653.139206356473,4.0458333293596915,46.458333333333336,6587.348005972974
2018-12-20 17:00:00,11477.369326104055,14411.623442183587,3.9958332777023284,0.0,19578.836652628564
2018-12-20 23:00:00,3538.31955426534,12483.715246751573,3.516666680574413,0.0,4599.86043955485
2018-12-21 05:00:00,6587.348005972974,10086.872022936077,3.629166672627129,9.166666666666666,3772.033336639404
2018-12-21 11:00:00,19578.836652628564,22449.75232481428,4.941666622956583,40.625,5831.939896138509
2018-12-21 17:00:00,4599.86043955485,15245.689527628172,9.47916664679842,0.0,10339.089556418525
2018-12-21 23:00:00,3772.033336639404,4291.465997208489,5.183333337306983,0.0,19368.22479112411
2018-12-22 05:00:00,5831.939896138509,7757.851217555993,5.574999948342646,8.75,3775.7595547146275
2018-12-22 11:00:00,10339.089556418525,21961.48072479035,4.604166666666667,41.458333333333336,7939.004663509786
2018-12-22 17:00:00,19368.22479112411,18313.848881509555,4.454166670640309,0.0,13605.774665917294
2018-12-22 23:00:00,3775.7595547146275,4315.034656069005,4.05833328763644,0.0,15525.331790161128
2018-12-23 05:00:00,7939.004663509786,10624.845228343545,4.529166658719383,8.75,3477.9805576324466
2018-12-23 11:00:00,13605.774665917294,18087.77111055586,4.995833317438757,40.208333333333336,6112.480241478811
2018-12-23 17:00:00,15525.331790161128,14699.124333466427,5.216666668653479,0.0,19196.58288883634
2018-12-23 23:00:00,3477.9805576324466,5510.84299974442,2.2708333134651166,0.0,3378.468889278836
2018-12-24 05:00:00,6112.480241478811,7100.368567784627,0.9791666592160798,8.75,7174.033664364281
2018-12-24 11:00:00,19196.58288883634,25865.57787523271,-0.7249999931082153,59.791666666666664,7735.297435887658
2018-12-24 17:00:00,3378.468889278836,16957.588014200002,-1.437499997516465,0.0,6490.849663458927
2018-12-24 23:00:00,7174.033664364281,10197.157089678449,-0.34999999621262146,0.0,4354.794779120553
2018-12-25 05:00:00,7735.297435887658,23263.523647732218,0.6708333318432146,8.75,3500.599558724297
2018-12-25 11:00:00,6490.849663458927,62434.84070355094,1.9333333522081377,46.666666666666664,3892.285000567963
2018-12-25 17:00:00,4354.794779120553,43276.69823186662,2.7541666775941835,0.0,10560.509318796798
2018-12-25 23:00:00,3500.599558724297,13422.120443609027,0.4916666792705678,0.0,12133.307902272534
2018-12-26 05:00:00,3892.285000567963,13726.108034271665,-0.6125000095926253,10.0,3806.0981068081296
2018-12-26 11:00:00,10560.509318796798,50912.41537104713,-0.05833333296080414,41.041666666666664,15360.180345069037
2018-12-26 17:00:00,12133.307902272534,19588.853468577057,0.7249999959021723,0.0,16790.234559165106
2018-12-26 23:00:00,3806.0981068081296,6269.829656632748,0.7791666835546492,0.0,17323.34563123913
2018-12-27 05:00:00,15360.180345069037,11824.969019169283,-1.5333333124096267,31.458333333333332,3639.689226447213
2018-12-27 11:00:00,16790.234559165106,21229.873218017146,2.4916666572292594,128.125,6682.893010414967
2018-12-27 17:00:00,17323.34563123913,17408.808892642115,0.6083333228404338,0.0,5284.616997951931
2018-12-27 23:00:00,3639.689226447213,8833.134562651325,-0.383333327559132,0.0,4094.5268881056077
2018-12-28 05:00:00,6682.893010414967,9791.516670258843,-0.19583333594103583,8.541666666666666,3528.6896661970377
2018-12-28 11:00:00,5284.616997951931,20217.66834989125,1.6416666433215152,41.666666666666664,10603.840594736743
2018-12-28 17:00:00,4094.5268881056077,18141.99331679874,1.2583333337679483,0.0,35322.70964419048
2018-12-28 23:00:00,3528.6896661970377,16388.89033675724,0.35416667101283955,0.0,8018.264005109995
